CODE,DISTRICT,STATE,pincode
110006,CENTRAL DELHI,DELHI,"DELHI, CENTRAL DELHI 110006"
110006,CENTRAL DELHI,DELHI,"DELHI, CENTRAL DELHI 110006"
110002,CENTRAL DELHI,DELHI,"DELHI, CENTRAL DELHI 110002"
110055,CENTRAL DELHI,DELHI,"DELHI, CENTRAL DELHI 110055"
110002,CENTRAL DELHI,DELHI,"DELHI, CENTRAL DELHI 110002"
110005,CENTRAL DELHI,DELHI,"DELHI, CENTRAL DELHI 110005"
110005,CENTRAL DELHI,DELHI,"DELHI, CENTRAL DELHI 110005"
110005,CENTRAL DELHI,DELHI,"DELHI, CENTRAL DELHI 110005"
110001,CENTRAL DELHI,DELHI,"DELHI, CENTRAL DELHI 110001"
110001,CENTRAL DELHI,DELHI,"DELHI, CENTRAL DELHI 110001"
110001,CENTRAL DELHI,DELHI,"DELHI, CENTRAL DELHI 110001"
110001,CENTRAL DELHI,DELHI,"DELHI, CENTRAL DELHI 110001"
110001,CENTRAL DELHI,DELHI,"DELHI, CENTRAL DELHI 110001"
110008,CENTRAL DELHI,DELHI,"DELHI, CENTRAL DELHI 110008"
110002,CENTRAL DELHI,DELHI,"DELHI, CENTRAL DELHI 110002"
110003,CENTRAL DELHI,DELHI,"DELHI, CENTRAL DELHI 110003"
110005,CENTRAL DELHI,DELHI,"DELHI, CENTRAL DELHI 110005"
110001,CENTRAL DELHI,DELHI,"DELHI, CENTRAL DELHI 110001"
110002,CENTRAL DELHI,DELHI,"DELHI, CENTRAL DELHI 110002"
110005,CENTRAL DELHI,DELHI,"DELHI, CENTRAL DELHI 110005"
110011,CENTRAL DELHI,DELHI,"DELHI, CENTRAL DELHI 110011"
110012,CENTRAL DELHI,DELHI,"DELHI, CENTRAL DELHI 110012"
110002,CENTRAL DELHI,DELHI,"DELHI, CENTRAL DELHI 110002"
110012,CENTRAL DELHI,DELHI,"DELHI, CENTRAL DELHI 110012"
110002,CENTRAL DELHI,DELHI,"DELHI, CENTRAL DELHI 110002"
110001,CENTRAL DELHI,DELHI,"DELHI, CENTRAL DELHI 110001"
110005,CENTRAL DELHI,DELHI,"DELHI, CENTRAL DELHI 110005"
110001,CENTRAL DELHI,DELHI,"DELHI, CENTRAL DELHI 110001"
110001,CENTRAL DELHI,DELHI,"DELHI, CENTRAL DELHI 110001"
110005,CENTRAL DELHI,DELHI,"DELHI, CENTRAL DELHI 110005"
110002,CENTRAL DELHI,DELHI,"DELHI, CENTRAL DELHI 110002"
110055,CENTRAL DELHI,DELHI,"DELHI, CENTRAL DELHI 110055"
110012,CENTRAL DELHI,DELHI,"DELHI, CENTRAL DELHI 110012"
110011,CENTRAL DELHI,DELHI,"DELHI, CENTRAL DELHI 110011"
110001,CENTRAL DELHI,DELHI,"DELHI, CENTRAL DELHI 110001"
110055,CENTRAL DELHI,DELHI,"DELHI, CENTRAL DELHI 110055"
110003,CENTRAL DELHI,DELHI,"DELHI, CENTRAL DELHI 110003"
110001,CENTRAL DELHI,DELHI,"DELHI, CENTRAL DELHI 110001"
110008,CENTRAL DELHI,DELHI,"DELHI, CENTRAL DELHI 110008"
110008,CENTRAL DELHI,DELHI,"DELHI, CENTRAL DELHI 110008"
110008,CENTRAL DELHI,DELHI,"DELHI, CENTRAL DELHI 110008"
110008,CENTRAL DELHI,DELHI,"DELHI, CENTRAL DELHI 110008"
110001,CENTRAL DELHI,DELHI,"DELHI, CENTRAL DELHI 110001"
110001,CENTRAL DELHI,DELHI,"DELHI, CENTRAL DELHI 110001"
110001,CENTRAL DELHI,DELHI,"DELHI, CENTRAL DELHI 110001"
110060,CENTRAL DELHI,DELHI,"DELHI, CENTRAL DELHI 110060"
110002,CENTRAL DELHI,DELHI,"DELHI, CENTRAL DELHI 110002"
110004,CENTRAL DELHI,DELHI,"DELHI, CENTRAL DELHI 110004"
110001,CENTRAL DELHI,DELHI,"DELHI, CENTRAL DELHI 110001"
110001,CENTRAL DELHI,DELHI,"DELHI, CENTRAL DELHI 110001"
110005,CENTRAL DELHI,DELHI,"DELHI, CENTRAL DELHI 110005"
110001,CENTRAL DELHI,DELHI,"DELHI, CENTRAL DELHI 110001"
110001,CENTRAL DELHI,DELHI,"DELHI, CENTRAL DELHI 110001"
110011,CENTRAL DELHI,DELHI,"DELHI, CENTRAL DELHI 110011"
110001,CENTRAL DELHI,DELHI,"DELHI, CENTRAL DELHI 110001"
110055,CENTRAL DELHI,DELHI,"DELHI, CENTRAL DELHI 110055"
110011,CENTRAL DELHI,DELHI,"DELHI, CENTRAL DELHI 110011"
110069,CENTRAL DELHI,DELHI,"DELHI, CENTRAL DELHI 110069"
110032,EAST DELHI,DELHI,"DELHI, EAST DELHI 110032"
110053,EAST DELHI,DELHI,"DELHI, EAST DELHI 110053"
110092,EAST DELHI,DELHI,"DELHI, EAST DELHI 110092"
110051,EAST DELHI,DELHI,"DELHI, EAST DELHI 110051"
110091,EAST DELHI,DELHI,"DELHI, EAST DELHI 110091"
110032,EAST DELHI,DELHI,"DELHI, EAST DELHI 110032"
110031,EAST DELHI,DELHI,"DELHI, EAST DELHI 110031"
110031,EAST DELHI,DELHI,"DELHI, EAST DELHI 110031"
110031,EAST DELHI,DELHI,"DELHI, EAST DELHI 110031"
110096,EAST DELHI,DELHI,"DELHI, EAST DELHI 110096"
110051,EAST DELHI,DELHI,"DELHI, EAST DELHI 110051"
110091,EAST DELHI,DELHI,"DELHI, EAST DELHI 110091"
110031,EAST DELHI,DELHI,"DELHI, EAST DELHI 110031"
110091,EAST DELHI,DELHI,"DELHI, EAST DELHI 110091"
110091,EAST DELHI,DELHI,"DELHI, EAST DELHI 110091"
110051,EAST DELHI,DELHI,"DELHI, EAST DELHI 110051"
110092,EAST DELHI,DELHI,"DELHI, EAST DELHI 110092"
110092,EAST DELHI,DELHI,"DELHI, EAST DELHI 110092"
110091,EAST DELHI,DELHI,"DELHI, EAST DELHI 110091"
110096,EAST DELHI,DELHI,"DELHI, EAST DELHI 110096"
110092,EAST DELHI,DELHI,"DELHI, EAST DELHI 110092"
110091,EAST DELHI,DELHI,"DELHI, EAST DELHI 110091"
110031,EAST DELHI,DELHI,"DELHI, EAST DELHI 110031"
110031,EAST DELHI,DELHI,"DELHI, EAST DELHI 110031"
110051,EAST DELHI,DELHI,"DELHI, EAST DELHI 110051"
110092,EAST DELHI,DELHI,"DELHI, EAST DELHI 110092"
110031,EAST DELHI,DELHI,"DELHI, EAST DELHI 110031"
110092,EAST DELHI,DELHI,"DELHI, EAST DELHI 110092"
110091,EAST DELHI,DELHI,"DELHI, EAST DELHI 110091"
110095,EAST DELHI,DELHI,"DELHI, EAST DELHI 110095"
110096,EAST DELHI,DELHI,"DELHI, EAST DELHI 110096"
110032,EAST DELHI,DELHI,"DELHI, EAST DELHI 110032"
110095,EAST DELHI,DELHI,"DELHI, EAST DELHI 110095"
110092,EAST DELHI,DELHI,"DELHI, EAST DELHI 110092"
110032,EAST DELHI,DELHI,"DELHI, EAST DELHI 110032"
110053,EAST DELHI,DELHI,"DELHI, EAST DELHI 110053"
110032,EAST DELHI,DELHI,"DELHI, EAST DELHI 110032"
110094,EAST DELHI,DELHI,"DELHI, EAST DELHI 110094"
110095,EAST DELHI,DELHI,"DELHI, EAST DELHI 110095"
110095,EAST DELHI,DELHI,"DELHI, EAST DELHI 110095"
110053,EAST DELHI,DELHI,"DELHI, EAST DELHI 110053"
110094,EAST DELHI,DELHI,"DELHI, EAST DELHI 110094"
110032,EAST DELHI,DELHI,"DELHI, EAST DELHI 110032"
110053,EAST DELHI,DELHI,"DELHI, EAST DELHI 110053"
110053,EAST DELHI,DELHI,"DELHI, EAST DELHI 110053"
110095,EAST DELHI,DELHI,"DELHI, EAST DELHI 110095"
110095,EAST DELHI,DELHI,"DELHI, EAST DELHI 110095"
110094,EAST DELHI,DELHI,"DELHI, EAST DELHI 110094"
110094,EAST DELHI,DELHI,"DELHI, EAST DELHI 110094"
110094,EAST DELHI,DELHI,"DELHI, EAST DELHI 110094"
110093,EAST DELHI,DELHI,"DELHI, EAST DELHI 110093"
110032,EAST DELHI,DELHI,"DELHI, EAST DELHI 110032"
110032,EAST DELHI,DELHI,"DELHI, EAST DELHI 110032"
110093,EAST DELHI,DELHI,"DELHI, EAST DELHI 110093"
110053,EAST DELHI,DELHI,"DELHI, EAST DELHI 110053"
110093,EAST DELHI,DELHI,"DELHI, EAST DELHI 110093"
110093,EAST DELHI,DELHI,"DELHI, EAST DELHI 110093"
110095,EAST DELHI,DELHI,"DELHI, EAST DELHI 110095"
110053,EAST DELHI,DELHI,"DELHI, EAST DELHI 110053"
110095,EAST DELHI,DELHI,"DELHI, EAST DELHI 110095"
110032,EAST DELHI,DELHI,"DELHI, EAST DELHI 110032"
110094,EAST DELHI,DELHI,"DELHI, EAST DELHI 110094"
110053,EAST DELHI,DELHI,"DELHI, EAST DELHI 110053"
110032,EAST DELHI,DELHI,"DELHI, EAST DELHI 110032"
110032,EAST DELHI,DELHI,"DELHI, EAST DELHI 110032"
110032,EAST DELHI,DELHI,"DELHI, EAST DELHI 110032"
110094,EAST DELHI,DELHI,"DELHI, EAST DELHI 110094"
110032,EAST DELHI,DELHI,"DELHI, EAST DELHI 110032"
110053,EAST DELHI,DELHI,"DELHI, EAST DELHI 110053"
110020,NEW DELHI,DELHI,"DELHI, NEW DELHI 110020"
110001,NEW DELHI,DELHI,"DELHI, NEW DELHI 110001"
110001,NEW DELHI,DELHI,"DELHI, NEW DELHI 110001"
110006,NORTH DELHI,DELHI,"DELHI, NORTH DELHI 110006"
110007,NORTH DELHI,DELHI,"DELHI, NORTH DELHI 110007"
110007,NORTH DELHI,DELHI,"DELHI, NORTH DELHI 110007"
110007,NORTH DELHI,DELHI,"DELHI, NORTH DELHI 110007"
110084,NORTH DELHI,DELHI,"DELHI, NORTH DELHI 110084"
110007,NORTH DELHI,DELHI,"DELHI, NORTH DELHI 110007"
110006,NORTH DELHI,DELHI,"DELHI, NORTH DELHI 110006"
110006,NORTH DELHI,DELHI,"DELHI, NORTH DELHI 110006"
110054,NORTH DELHI,DELHI,"DELHI, NORTH DELHI 110054"
110006,NORTH DELHI,DELHI,"DELHI, NORTH DELHI 110006"
110006,NORTH DELHI,DELHI,"DELHI, NORTH DELHI 110006"
110006,NORTH DELHI,DELHI,"DELHI, NORTH DELHI 110006"
110007,NORTH DELHI,DELHI,"DELHI, NORTH DELHI 110007"
110054,NORTH DELHI,DELHI,"DELHI, NORTH DELHI 110054"
110007,NORTH DELHI,DELHI,"DELHI, NORTH DELHI 110007"
110084,NORTH DELHI,DELHI,"DELHI, NORTH DELHI 110084"
110084,NORTH DELHI,DELHI,"DELHI, NORTH DELHI 110084"
110007,NORTH DELHI,DELHI,"DELHI, NORTH DELHI 110007"
110007,NORTH DELHI,DELHI,"DELHI, NORTH DELHI 110007"
110007,NORTH DELHI,DELHI,"DELHI, NORTH DELHI 110007"
110054,NORTH DELHI,DELHI,"DELHI, NORTH DELHI 110054"
110007,NORTH DELHI,DELHI,"DELHI, NORTH DELHI 110007"
110066,SOUTH WEST DELHI,DELHI,"DELHI, SOUTH WEST DELHI 110066"
110022,SOUTH WEST DELHI,DELHI,"DELHI, SOUTH WEST DELHI 110022"
110022,SOUTH WEST DELHI,DELHI,"DELHI, SOUTH WEST DELHI 110022"
110022,SOUTH WEST DELHI,DELHI,"DELHI, SOUTH WEST DELHI 110022"
110022,SOUTH WEST DELHI,DELHI,"DELHI, SOUTH WEST DELHI 110022"
110022,SOUTH WEST DELHI,DELHI,"DELHI, SOUTH WEST DELHI 110022"
110022,SOUTH WEST DELHI,DELHI,"DELHI, SOUTH WEST DELHI 110022"
110022,SOUTH WEST DELHI,DELHI,"DELHI, SOUTH WEST DELHI 110022"
110066,SOUTH WEST DELHI,DELHI,"DELHI, SOUTH WEST DELHI 110066"
110010,SOUTH WEST DELHI,DELHI,"DELHI, SOUTH WEST DELHI 110010"
110029,SOUTH WEST DELHI,DELHI,"DELHI, SOUTH WEST DELHI 110029"
110074,SOUTH WEST DELHI,DELHI,"DELHI, SOUTH WEST DELHI 110074"
110021,SOUTH WEST DELHI,DELHI,"DELHI, SOUTH WEST DELHI 110021"
110010,SOUTH WEST DELHI,DELHI,"DELHI, SOUTH WEST DELHI 110010"
110010,SOUTH WEST DELHI,DELHI,"DELHI, SOUTH WEST DELHI 110010"
110030,SOUTH WEST DELHI,DELHI,"DELHI, SOUTH WEST DELHI 110030"
110030,SOUTH WEST DELHI,DELHI,"DELHI, SOUTH WEST DELHI 110030"
110016,SOUTH WEST DELHI,DELHI,"DELHI, SOUTH WEST DELHI 110016"
110070,SOUTH WEST DELHI,DELHI,"DELHI, SOUTH WEST DELHI 110070"
110070,SOUTH WEST DELHI,DELHI,"DELHI, SOUTH WEST DELHI 110070"
110057,SOUTH WEST DELHI,DELHI,"DELHI, SOUTH WEST DELHI 110057"
110057,SOUTH WEST DELHI,DELHI,"DELHI, SOUTH WEST DELHI 110057"
110010,SOUTH WEST DELHI,DELHI,"DELHI, SOUTH WEST DELHI 110010"
110023,SOUTH WEST DELHI,DELHI,"DELHI, SOUTH WEST DELHI 110023"
110075,SOUTH WEST DELHI,DELHI,"DELHI, SOUTH WEST DELHI 110075"
110028,SOUTH WEST DELHI,DELHI,"DELHI, SOUTH WEST DELHI 110028"
110071,SOUTH WEST DELHI,DELHI,"DELHI, SOUTH WEST DELHI 110071"
110077,SOUTH WEST DELHI,DELHI,"DELHI, SOUTH WEST DELHI 110077"
110028,SOUTH WEST DELHI,DELHI,"DELHI, SOUTH WEST DELHI 110028"
110077,SOUTH WEST DELHI,DELHI,"DELHI, SOUTH WEST DELHI 110077"
110071,SOUTH WEST DELHI,DELHI,"DELHI, SOUTH WEST DELHI 110071"
110072,SOUTH WEST DELHI,DELHI,"DELHI, SOUTH WEST DELHI 110072"
110028,SOUTH WEST DELHI,DELHI,"DELHI, SOUTH WEST DELHI 110028"
110028,SOUTH WEST DELHI,DELHI,"DELHI, SOUTH WEST DELHI 110028"
110028,SOUTH WEST DELHI,DELHI,"DELHI, SOUTH WEST DELHI 110028"
110028,SOUTH WEST DELHI,DELHI,"DELHI, SOUTH WEST DELHI 110028"
110077,SOUTH WEST DELHI,DELHI,"DELHI, SOUTH WEST DELHI 110077"
110028,SOUTH WEST DELHI,DELHI,"DELHI, SOUTH WEST DELHI 110028"
110028,SOUTH WEST DELHI,DELHI,"DELHI, SOUTH WEST DELHI 110028"
110028,SOUTH WEST DELHI,DELHI,"DELHI, SOUTH WEST DELHI 110028"
110075,SOUTH WEST DELHI,DELHI,"DELHI, SOUTH WEST DELHI 110075"
110028,SOUTH WEST DELHI,DELHI,"DELHI, SOUTH WEST DELHI 110028"
110028,SOUTH WEST DELHI,DELHI,"DELHI, SOUTH WEST DELHI 110028"
110028,SOUTH WEST DELHI,DELHI,"DELHI, SOUTH WEST DELHI 110028"
110045,SOUTH WEST DELHI,DELHI,"DELHI, SOUTH WEST DELHI 110045"
110028,SOUTH WEST DELHI,DELHI,"DELHI, SOUTH WEST DELHI 110028"
110073,SOUTH WEST DELHI,DELHI,"DELHI, SOUTH WEST DELHI 110073"
110028,SOUTH WEST DELHI,DELHI,"DELHI, SOUTH WEST DELHI 110028"
110028,SOUTH WEST DELHI,DELHI,"DELHI, SOUTH WEST DELHI 110028"
110028,SOUTH WEST DELHI,DELHI,"DELHI, SOUTH WEST DELHI 110028"
110028,SOUTH WEST DELHI,DELHI,"DELHI, SOUTH WEST DELHI 110028"
110043,SOUTH WEST DELHI,DELHI,"DELHI, SOUTH WEST DELHI 110043"
110078,SOUTH WEST DELHI,DELHI,"DELHI, SOUTH WEST DELHI 110078"
110028,SOUTH WEST DELHI,DELHI,"DELHI, SOUTH WEST DELHI 110028"
110028,SOUTH WEST DELHI,DELHI,"DELHI, SOUTH WEST DELHI 110028"
110043,SOUTH WEST DELHI,DELHI,"DELHI, SOUTH WEST DELHI 110043"
110028,SOUTH WEST DELHI,DELHI,"DELHI, SOUTH WEST DELHI 110028"
110028,SOUTH WEST DELHI,DELHI,"DELHI, SOUTH WEST DELHI 110028"
110073,SOUTH WEST DELHI,DELHI,"DELHI, SOUTH WEST DELHI 110073"
110064,SOUTH WEST DELHI,DELHI,"DELHI, SOUTH WEST DELHI 110064"
110028,SOUTH WEST DELHI,DELHI,"DELHI, SOUTH WEST DELHI 110028"
110028,SOUTH WEST DELHI,DELHI,"DELHI, SOUTH WEST DELHI 110028"
110078,SOUTH WEST DELHI,DELHI,"DELHI, SOUTH WEST DELHI 110078"
110043,SOUTH WEST DELHI,DELHI,"DELHI, SOUTH WEST DELHI 110043"
110046,SOUTH WEST DELHI,DELHI,"DELHI, SOUTH WEST DELHI 110046"
110028,SOUTH WEST DELHI,DELHI,"DELHI, SOUTH WEST DELHI 110028"
110028,SOUTH WEST DELHI,DELHI,"DELHI, SOUTH WEST DELHI 110028"
110028,SOUTH WEST DELHI,DELHI,"DELHI, SOUTH WEST DELHI 110028"
110045,SOUTH WEST DELHI,DELHI,"DELHI, SOUTH WEST DELHI 110045"
110028,SOUTH WEST DELHI,DELHI,"DELHI, SOUTH WEST DELHI 110028"
110028,SOUTH WEST DELHI,DELHI,"DELHI, SOUTH WEST DELHI 110028"
110028,SOUTH WEST DELHI,DELHI,"DELHI, SOUTH WEST DELHI 110028"
110077,SOUTH WEST DELHI,DELHI,"DELHI, SOUTH WEST DELHI 110077"
110028,SOUTH WEST DELHI,DELHI,"DELHI, SOUTH WEST DELHI 110028"
110073,SOUTH WEST DELHI,DELHI,"DELHI, SOUTH WEST DELHI 110073"
110028,SOUTH WEST DELHI,DELHI,"DELHI, SOUTH WEST DELHI 110028"
110046,SOUTH WEST DELHI,DELHI,"DELHI, SOUTH WEST DELHI 110046"
110064,SOUTH WEST DELHI,DELHI,"DELHI, SOUTH WEST DELHI 110064"
110028,SOUTH WEST DELHI,DELHI,"DELHI, SOUTH WEST DELHI 110028"
110028,SOUTH WEST DELHI,DELHI,"DELHI, SOUTH WEST DELHI 110028"
110073,SOUTH WEST DELHI,DELHI,"DELHI, SOUTH WEST DELHI 110073"
110058,WEST DELHI,DELHI,"DELHI, WEST DELHI 110058"
110018,WEST DELHI,DELHI,"DELHI, WEST DELHI 110018"
110026,WEST DELHI,DELHI,"DELHI, WEST DELHI 110026"
110058,WEST DELHI,DELHI,"DELHI, WEST DELHI 110058"
110015,WEST DELHI,DELHI,"DELHI, WEST DELHI 110015"
110058,WEST DELHI,DELHI,"DELHI, WEST DELHI 110058"
110018,WEST DELHI,DELHI,"DELHI, WEST DELHI 110018"
110015,WEST DELHI,DELHI,"DELHI, WEST DELHI 110015"
110059,WEST DELHI,DELHI,"DELHI, WEST DELHI 110059"
110058,WEST DELHI,DELHI,"DELHI, WEST DELHI 110058"
110015,WEST DELHI,DELHI,"DELHI, WEST DELHI 110015"
110015,WEST DELHI,DELHI,"DELHI, WEST DELHI 110015"
110018,WEST DELHI,DELHI,"DELHI, WEST DELHI 110018"
110064,WEST DELHI,DELHI,"DELHI, WEST DELHI 110064"
110064,WEST DELHI,DELHI,"DELHI, WEST DELHI 110064"
110064,WEST DELHI,DELHI,"DELHI, WEST DELHI 110064"
110015,WEST DELHI,DELHI,"DELHI, WEST DELHI 110015"
110015,WEST DELHI,DELHI,"DELHI, WEST DELHI 110015"
110027,WEST DELHI,DELHI,"DELHI, WEST DELHI 110027"
110058,WEST DELHI,DELHI,"DELHI, WEST DELHI 110058"
110027,WEST DELHI,DELHI,"DELHI, WEST DELHI 110027"
110063,WEST DELHI,DELHI,"DELHI, WEST DELHI 110063"
110015,WEST DELHI,DELHI,"DELHI, WEST DELHI 110015"
110059,WEST DELHI,DELHI,"DELHI, WEST DELHI 110059"
110087,WEST DELHI,DELHI,"DELHI, WEST DELHI 110087"
110015,WEST DELHI,DELHI,"DELHI, WEST DELHI 110015"
110015,WEST DELHI,DELHI,"DELHI, WEST DELHI 110015"
110018,WEST DELHI,DELHI,"DELHI, WEST DELHI 110018"
110018,WEST DELHI,DELHI,"DELHI, WEST DELHI 110018"
110015,WEST DELHI,DELHI,"DELHI, WEST DELHI 110015"
110018,WEST DELHI,DELHI,"DELHI, WEST DELHI 110018"
110063,WEST DELHI,DELHI,"DELHI, WEST DELHI 110063"
110063,WEST DELHI,DELHI,"DELHI, WEST DELHI 110063"
110018,WEST DELHI,DELHI,"DELHI, WEST DELHI 110018"
110015,WEST DELHI,DELHI,"DELHI, WEST DELHI 110015"
110015,WEST DELHI,DELHI,"DELHI, WEST DELHI 110015"
110059,WEST DELHI,DELHI,"DELHI, WEST DELHI 110059"
110041,WEST DELHI,DELHI,"DELHI, WEST DELHI 110041"
110015,WEST DELHI,DELHI,"DELHI, WEST DELHI 110015"
110015,WEST DELHI,DELHI,"DELHI, WEST DELHI 110015"
110041,WEST DELHI,DELHI,"DELHI, WEST DELHI 110041"
110041,WEST DELHI,DELHI,"DELHI, WEST DELHI 110041"
110015,WEST DELHI,DELHI,"DELHI, WEST DELHI 110015"
110063,WEST DELHI,DELHI,"DELHI, WEST DELHI 110063"
110063,WEST DELHI,DELHI,"DELHI, WEST DELHI 110063"
110015,WEST DELHI,DELHI,"DELHI, WEST DELHI 110015"
110026,WEST DELHI,DELHI,"DELHI, WEST DELHI 110026"
110026,WEST DELHI,DELHI,"DELHI, WEST DELHI 110026"
110027,WEST DELHI,DELHI,"DELHI, WEST DELHI 110027"
110027,WEST DELHI,DELHI,"DELHI, WEST DELHI 110027"
110015,WEST DELHI,DELHI,"DELHI, WEST DELHI 110015"
110015,WEST DELHI,DELHI,"DELHI, WEST DELHI 110015"
110026,WEST DELHI,DELHI,"DELHI, WEST DELHI 110026"
110027,WEST DELHI,DELHI,"DELHI, WEST DELHI 110027"
110027,WEST DELHI,DELHI,"DELHI, WEST DELHI 110027"
110087,WEST DELHI,DELHI,"DELHI, WEST DELHI 110087"
110015,WEST DELHI,DELHI,"DELHI, WEST DELHI 110015"
110018,WEST DELHI,DELHI,"DELHI, WEST DELHI 110018"
110018,WEST DELHI,DELHI,"DELHI, WEST DELHI 110018"
110059,WEST DELHI,DELHI,"DELHI, WEST DELHI 110059"
110018,WEST DELHI,DELHI,"DELHI, WEST DELHI 110018"
110018,WEST DELHI,DELHI,"DELHI, WEST DELHI 110018"
110015,WEST DELHI,DELHI,"DELHI, WEST DELHI 110015"
